{
  "source_regex": {
    "mean": 0.4148786845799078,
    "std": 0.4927010875380382,
    "min": 0.0,
    "max": 1.0
  },
  "source_ner": {
    "mean": 0.21355524363344697,
    "std": 0.4098163022014804,
    "min": 0.0,
    "max": 1.0
  },
  "source_embedding": {
    "mean": 0.08121114898736716,
    "std": 0.2731591079710039,
    "min": 0.0,
    "max": 1.0
  },
  "source_domain_heuristics": {
    "mean": 0.08522157609785443,
    "std": 0.27921113707236705,
    "min": 0.0,
    "max": 1.0
  },
  "source_ml_token": {
    "mean": 0.03709645077200722,
    "std": 0.18899815901782402,
    "min": 0.0,
    "max": 1.0
  },
  "confidence": {
    "mean": 0.8285203110964288,
    "std": 0.06835000966137973,
    "min": 0.5049290060997009,
    "max": 0.97
  },
  "digit_count": {
    "mean": 6.74493683577301,
    "std": 4.716029937435249,
    "min": 0.0,
    "max": 19.0
  },
  "alpha_count": {
    "mean": 6.094646079807499,
    "std": 8.542669731766777,
    "min": 0.0,
    "max": 42.0
  },
  "span_length": {
    "mean": 15.50551433727692,
    "std": 9.337323076608303,
    "min": 6.0,
    "max": 56.0
  },
  "digit_ratio": {
    "mean": 0.5374433842451091,
    "std": 0.3280318603416824,
    "min": 0.0,
    "max": 1.0
  },
  "alpha_ratio": {
    "mean": 0.3056105051031148,
    "std": 0.30192488208937174,
    "min": 0.0,
    "max": 0.95
  },
  "has_hyphen": {
    "mean": 0.171646280328855,
    "std": 0.37707271815676074,
    "min": 0.0,
    "max": 1.0
  },
  "has_plus": {
    "mean": 0.12793262482454382,
    "std": 0.3340147726224813,
    "min": 0.0,
    "max": 1.0
  },
  "has_at": {
    "mean": 0.10407058351714457,
    "std": 0.3053520872100545,
    "min": 0.0,
    "max": 1.0
  },
  "has_special_char": {
    "mean": 0.48064968919189893,
    "std": 0.4996254251653289,
    "min": 0.0,
    "max": 1.0
  },
  "embedding_mean": {
    "mean": -0.00012573448878197782,
    "std": 0.00014051931322734575,
    "min": -0.0005886756698600948,
    "max": 0.0004771265375893563
  },
  "embedding_std": {
    "mean": 0.03608390005913841,
    "std": 5.834117919502432e-07,
    "min": 0.03607959300279617,
    "max": 0.03608439490199089
  },
  "embedding_norm": {
    "mean": 1.0000000001673282,
    "std": 2.993601283322401e-08,
    "min": 0.9999999403953552,
    "max": 1.0000001192092896
  },
  "embedding_max": {
    "mean": 0.11972378067192678,
    "std": 0.014201708179492177,
    "min": 0.08162163943052292,
    "max": 0.20859237015247345
  },
  "is_financial": {
    "mean": 0.37337076398636454,
    "std": 0.4836993245670344,
    "min": 0.0,
    "max": 1.0
  },
  "is_credential": {
    "mean": 0.11810707840385001,
    "std": 0.3227348701872023,
    "min": 0.0,
    "max": 1.0
  },
  "is_contact_detail": {
    "mean": 0.20814116703428914,
    "std": 0.40597835117143455,
    "min": 0.0,
    "max": 1.0
  },
  "is_location_related": {
    "mean": 0.22839382394224986,
    "std": 0.41979767165540605,
    "min": 0.0,
    "max": 1.0
  },
  "sentence_index": {
    "mean": 0.316222177661921,
    "std": 1.1696240328192957,
    "min": 0.0,
    "max": 6.0
  },
  "sentence_position_ratio": {
    "mean": 0.3448143879520018,
    "std": 0.21639701503769268,
    "min": 0.0,
    "max": 0.8780487804878049
  },
  "token_position_ratio": {
    "mean": 0.3895045451922367,
    "std": 0.25097649878468564,
    "min": 0.0,
    "max": 1.0
  },
  "context_embedding_norm": {
    "mean": 0.9999999984342874,
    "std": 2.997879537261126e-08,
    "min": 0.9999999403953552,
    "max": 1.0000001192092896
  },
  "span_context_similarity": {
    "mean": 0.17186414485817758,
    "std": 0.10087939814482297,
    "min": -0.10412531346082687,
    "max": 0.6919757127761841
  },
  "pii_type_BANK_ACCOUNT": {
    "mean": 0.1132945658712653,
    "std": 0.31695253148586433,
    "min": 0.0,
    "max": 1.0
  },
  "pii_type_SORT_CODE": {
    "mean": 0.1323440946460798,
    "std": 0.33886447919248164,
    "min": 0.0,
    "max": 1.0
  },
  "pii_type_CARD_NUMBER": {
    "mean": 0.08121114898736716,
    "std": 0.27315910797100323,
    "min": 0.0,
    "max": 1.0
  },
  "pii_type_CUSTOMER_ID": {
    "mean": 0.08502105474233006,
    "std": 0.2789130240645444,
    "min": 0.0,
    "max": 1.0
  },
  "pii_type_CREDENTIAL": {
    "mean": 0.11810707840385001,
    "std": 0.3227348701872023,
    "min": 0.0,
    "max": 1.0
  },
  "pii_type_EMAIL": {
    "mean": 0.09805494285141368,
    "std": 0.2973889221773764,
    "min": 0.0,
    "max": 1.0
  },
  "pii_type_PHONE": {
    "mean": 0.11008622418287548,
    "std": 0.3129972003517409,
    "min": 0.0,
    "max": 1.0
  },
  "pii_type_ADDRESS": {
    "mean": 0.10366954080609585,
    "std": 0.304831374886427,
    "min": 0.0,
    "max": 1.0
  },
  "pii_type_POSTCODE": {
    "mean": 0.12773210346901945,
    "std": 0.3337912719236263,
    "min": 0.0,
    "max": 1.0
  },
  "pii_type_ORGANIZATION": {
    "mean": 0.02386204130739924,
    "std": 0.15261927890028137,
    "min": 0.0,
    "max": 1.0
  },
  "pii_type_DATE": {
    "mean": 0.17485462201724483,
    "std": 0.3798427084682035,
    "min": 0.0,
    "max": 1.0
  },
  "pii_type_MONEY": {
    "mean": 0.00060156406657309,
    "std": 0.024519424692411567,
    "min": 0.0,
    "max": 1.0
  },
  "pii_type_PERSON": {
    "mean": 0.008822939643071986,
    "std": 0.09351521469326486,
    "min": 0.0,
    "max": 1.0
  }
}