{
  "source_regex": {
    "mean": 0.8221168099614586,
    "std": 0.38241438354259305,
    "min": 0.0,
    "max": 1.0
  },
  "source_ner": {
    "mean": 0.5063741476430478,
    "std": 0.49995936859092266,
    "min": 0.0,
    "max": 1.0
  },
  "source_embedding": {
    "mean": 0.4390750074117996,
    "std": 0.4962742641706556,
    "min": 0.0,
    "max": 1.0
  },
  "source_domain_heuristics": {
    "mean": 0.22176104358138157,
    "std": 0.4154312014414444,
    "min": 0.0,
    "max": 1.0
  },
  "source_ml_token": {
    "mean": 0.05988734064630893,
    "std": 0.23727799534853675,
    "min": 0.0,
    "max": 1.0
  },
  "num_detectors": {
    "mean": 2.0492143492439965,
    "std": 0.9821759301017927,
    "min": 0.0,
    "max": 5.0
  },
  "confidence": {
    "mean": 0.8675862768139507,
    "std": 0.07267072219456475,
    "min": 0.55,
    "max": 1.0
  },
  "fused_score": {
    "mean": 0.8675862768139507,
    "std": 0.07267072219456475,
    "min": 0.55,
    "max": 1.0
  },
  "max_detector_score": {
    "mean": 0.8150751591145974,
    "std": 0.06025752932166529,
    "min": 0.55,
    "max": 0.95
  },
  "mean_detector_score": {
    "mean": 0.7823780913830802,
    "std": 0.05956710841661489,
    "min": 0.55,
    "max": 0.9
  },
  "min_detector_score": {
    "mean": 0.7527694554736075,
    "std": 0.08067173868552517,
    "min": 0.5002425312995911,
    "max": 0.9
  },
  "regex_score": {
    "mean": 0.680649273643642,
    "std": 0.3201792588680429,
    "min": 0.0,
    "max": 0.95
  },
  "ner_score": {
    "mean": 0.3797806107322858,
    "std": 0.3749695264431846,
    "min": 0.0,
    "max": 0.75
  },
  "ml_ner_score": {
    "mean": 0.0,
    "std": 0.0,
    "min": 0.0,
    "max": 0.0
  },
  "embedding_score": {
    "mean": 0.3297649172311569,
    "std": 0.3766962865541426,
    "min": 0.0,
    "max": 0.9
  },
  "semantic_score": {
    "mean": 0.0,
    "std": 0.0,
    "min": 0.0,
    "max": 0.0
  },
  "domain_score": {
    "mean": 0.0,
    "std": 0.0,
    "min": 0.0,
    "max": 0.0
  },
  "domain_heuristic_score": {
    "mean": 0.1582389564186177,
    "std": 0.2972818552368283,
    "min": 0.0,
    "max": 0.78
  },
  "ml_token_score": {
    "mean": 0.034322853704040285,
    "std": 0.1365008476545259,
    "min": 0.0,
    "max": 0.6766047477722168
  },
  "digit_count": {
    "mean": 7.753038837829825,
    "std": 5.20300266086564,
    "min": 0.0,
    "max": 28.0
  },
  "alpha_count": {
    "mean": 4.959976282241328,
    "std": 5.646247052745765,
    "min": 0.0,
    "max": 31.0
  },
  "special_count": {
    "mean": 1.5778238956418618,
    "std": 2.000209092790317,
    "min": 0.0,
    "max": 7.0
  },
  "whitespace_count": {
    "mean": 0.24132819448562112,
    "std": 0.5766374742108868,
    "min": 0.0,
    "max": 4.0
  },
  "span_length": {
    "mean": 14.532167210198637,
    "std": 8.163605753369104,
    "min": 3.0,
    "max": 39.0
  },
  "digit_ratio": {
    "mean": 0.5908676300331103,
    "std": 0.31400491067850983,
    "min": 0.0,
    "max": 1.0
  },
  "alpha_ratio": {
    "mean": 0.29525608484463656,
    "std": 0.30362857341420396,
    "min": 0.0,
    "max": 1.0
  },
  "special_ratio": {
    "mean": 0.09506280417344454,
    "std": 0.1027856825887194,
    "min": 0.0,
    "max": 0.3333333333333333
  },
  "whitespace_ratio": {
    "mean": 0.018813480948807772,
    "std": 0.04422077945651251,
    "min": 0.0,
    "max": 0.25
  },
  "has_hyphen": {
    "mean": 0.1947820930922028,
    "std": 0.3960328639176665,
    "min": 0.0,
    "max": 1.0
  },
  "has_plus": {
    "mean": 0.0,
    "std": 0.0,
    "min": 0.0,
    "max": 0.0
  },
  "has_at": {
    "mean": 0.04269196560924993,
    "std": 0.20216172160344315,
    "min": 0.0,
    "max": 1.0
  },
  "has_special_char": {
    "mean": 0.5624073525051883,
    "std": 0.496090034523268,
    "min": 0.0,
    "max": 1.0
  },
  "has_punctuation": {
    "mean": 0.28609546397865404,
    "std": 0.4519345632605241,
    "min": 0.0,
    "max": 1.0
  },
  "is_all_digits": {
    "mean": 0.2090127482952861,
    "std": 0.40660351614974627,
    "min": 0.0,
    "max": 1.0
  },
  "is_mixed_case": {
    "mean": 0.13815594426326713,
    "std": 0.34506358736902915,
    "min": 0.0,
    "max": 1.0
  },
  "has_domain_suffix": {
    "mean": 0.04269196560924993,
    "std": 0.20216172160344315,
    "min": 0.0,
    "max": 1.0
  },
  "segment_count": {
    "mean": 2.0166024310702637,
    "std": 1.837375113093147,
    "min": 1.0,
    "max": 8.0
  },
  "embedding_mean": {
    "mean": -0.0001652429517454353,
    "std": 0.00016497499005469832,
    "min": -0.0006385338492691517,
    "max": 0.00031353734084405005
  },
  "embedding_std": {
    "mean": 0.03608363723780506,
    "std": 8.189573561163676e-07,
    "min": 0.036078743636608124,
    "max": 0.03608439490199089
  },
  "embedding_norm": {
    "mean": 0.9999999995582223,
    "std": 3.154606947599059e-08,
    "min": 0.9999998807907104,
    "max": 1.0000001192092896
  },
  "embedding_max": {
    "mean": 0.12023107157487245,
    "std": 0.012913005981211367,
    "min": 0.08826407045125961,
    "max": 0.19012555480003357
  },
  "is_financial": {
    "mean": 0.13637711236288172,
    "std": 0.34318857146827414,
    "min": 0.0,
    "max": 1.0
  },
  "is_credential": {
    "mean": 0.10613697005632967,
    "std": 0.30801284655609734,
    "min": 0.0,
    "max": 1.0
  },
  "is_contact_detail": {
    "mean": 0.2721612807589683,
    "std": 0.4450724862475812,
    "min": 0.0,
    "max": 1.0
  },
  "is_location_related": {
    "mean": 0.1449747998814112,
    "std": 0.35207542839674916,
    "min": 0.0,
    "max": 1.0
  },
  "sentence_index": {
    "mean": 0.0,
    "std": 0.0,
    "min": 0.0,
    "max": 0.0
  },
  "sentence_position_ratio": {
    "mean": 0.466330519239227,
    "std": 0.2137599865592222,
    "min": 0.0,
    "max": 0.8666666666666667
  },
  "token_position_ratio": {
    "mean": 0.6215718662205504,
    "std": 0.25218111355310646,
    "min": 0.0,
    "max": 1.0
  },
  "context_embedding_norm": {
    "mean": 0.999999998338916,
    "std": 2.6393536456524668e-08,
    "min": 0.9999999403953552,
    "max": 1.0000001192092896
  },
  "span_context_similarity": {
    "mean": 0.2853503106897788,
    "std": 0.14406982286328257,
    "min": -0.03864167630672455,
    "max": 0.6917551755905151
  },
  "neighbor_span_count": {
    "mean": 0.0,
    "std": 0.0,
    "min": 0.0,
    "max": 0.0
  },
  "neighbor_high_risk_count": {
    "mean": 0.0,
    "std": 0.0,
    "min": 0.0,
    "max": 0.0
  },
  "ctx_has_bank": {
    "mean": 0.04269196560924993,
    "std": 0.2021617216034426,
    "min": 0.0,
    "max": 1.0
  },
  "ctx_has_account": {
    "mean": 0.023124814705010377,
    "std": 0.15029989238142924,
    "min": 0.0,
    "max": 1.0
  },
  "ctx_has_password": {
    "mean": 0.0,
    "std": 0.0,
    "min": 0.0,
    "max": 0.0
  },
  "ctx_has_secret": {
    "mean": 0.04684257337681589,
    "std": 0.21130155393714425,
    "min": 0.0,
    "max": 1.0
  },
  "ctx_has_otp": {
    "mean": 0.0,
    "std": 0.0,
    "min": 0.0,
    "max": 0.0
  },
  "ctx_has_confidential": {
    "mean": 0.0,
    "std": 0.0,
    "min": 0.0,
    "max": 0.0
  },
  "ctx_has_credit": {
    "mean": 0.026386006522383636,
    "std": 0.16028033311103881,
    "min": 0.0,
    "max": 1.0
  },
  "ctx_has_address": {
    "mean": 0.07144974799881411,
    "std": 0.25757461348068633,
    "min": 0.0,
    "max": 1.0
  },
  "ctx_has_phone": {
    "mean": 0.04565668544322562,
    "std": 0.20873943690056687,
    "min": 0.0,
    "max": 1.0
  },
  "ctx_has_email": {
    "mean": 0.04269196560924993,
    "std": 0.20216172160344315,
    "min": 0.0,
    "max": 1.0
  },
  "ctx_has_health": {
    "mean": 0.0056329676845538095,
    "std": 0.07484141473554816,
    "min": 0.0,
    "max": 1.0
  },
  "ctx_has_employment": {
    "mean": 0.004447079750963534,
    "std": 0.06653798338281483,
    "min": 0.0,
    "max": 1.0
  },
  "ctx_has_biometric": {
    "mean": 0.0,
    "std": 0.0,
    "min": 0.0,
    "max": 0.0
  },
  "ctx_has_location": {
    "mean": 0.026978950489178772,