{
  "source_regex": {
    "mean": 0.8332394366197183,
    "std": 0.37276195873691215,
    "min": 0.0,
    "max": 1.0
  },
  "source_ner": {
    "mean": 0.2735211267605634,
    "std": 0.4457659923953442,
    "min": 0.0,
    "max": 1.0
  },
  "source_embedding": {
    "mean": 0.024225352112676058,
    "std": 0.1537481200785654,
    "min": 0.0,
    "max": 1.0
  },
  "source_domain_heuristics": {
    "mean": 0.2504225352112676,
    "std": 0.43325637799070393,
    "min": 0.0,
    "max": 1.0
  },
  "source_ml_token": {
    "mean": 0.056338028169014086,
    "std": 0.23057331751753354,
    "min": 0.0,
    "max": 1.0
  },
  "num_detectors": {
    "mean": 1.7112676056338028,
    "std": 1.0514978311677832,
    "min": 0.0,
    "max": 6.0
  },
  "confidence": {
    "mean": 0.8187764548288415,
    "std": 0.07029334455796134,
    "min": 0.5205685496330261,
    "max": 0.95
  },
  "fused_score": {
    "mean": 0.8187764548288415,
    "std": 0.07029334455796134,
    "min": 0.5205685496330261,
    "max": 0.95
  },
  "max_detector_score": {
    "mean": 0.8187764548288415,
    "std": 0.07029334455796134,
    "min": 0.5205685496330261,
    "max": 0.95
  },
  "mean_detector_score": {
    "mean": 0.8187764548288415,
    "std": 0.07029334455796134,
    "min": 0.5205685496330261,
    "max": 0.95
  },
  "min_detector_score": {
    "mean": 0.8187764548288415,
    "std": 0.07029334455796134,
    "min": 0.5205685496330261,
    "max": 0.95
  },
  "regex_score": {
    "mean": 0.6952845070422589,
    "std": 0.31487903451911314,
    "min": 0.0,
    "max": 0.95
  },
  "ner_score": {
    "mean": 0.2230309859154934,
    "std": 0.36498928658463603,
    "min": 0.0,
    "max": 0.95
  },
  "ml_ner_score": {
    "mean": 0.2230309859154934,
    "std": 0.36498928658463603,
    "min": 0.0,
    "max": 0.95
  },
  "embedding_score": {
    "mean": 0.01624337284800033,
    "std": 0.10411397057623206,
    "min": 0.0,
    "max": 0.95
  },
  "semantic_score": {
    "mean": 0.0,
    "std": 0.0,
    "min": 0.0,
    "max": 0.0
  },
  "domain_score": {
    "mean": 0.0,
    "std": 0.0,
    "min": 0.0,
    "max": 0.0
  },
  "domain_heuristic_score": {
    "mean": 0.2077211267605651,
    "std": 0.36112385761616117,
    "min": 0.0,
    "max": 0.95
  },
  "ml_token_score": {
    "mean": 0.03802152525136165,
    "std": 0.15758058359260646,
    "min": 0.0,
    "max": 0.95
  },
  "digit_count": {
    "mean": 7.965633802816901,
    "std": 5.187140310257111,
    "min": 0.0,
    "max": 28.0
  },
  "alpha_count": {
    "mean": 4.688169014084507,
    "std": 5.5686193979838565,
    "min": 0.0,
    "max": 31.0
  },
  "special_count": {
    "mean": 1.4892957746478874,
    "std": 1.9795499018529552,
    "min": 0.0,
    "max": 7.0
  },
  "whitespace_count": {
    "mean": 0.2276056338028169,
    "std": 0.5546460990393276,
    "min": 0.0,
    "max": 3.0
  },
  "span_length": {
    "mean": 14.370704225352112,
    "std": 7.969946246119855,
    "min": 3.0,
    "max": 39.0
  },
  "digit_ratio": {
    "mean": 0.6119964578007291,
    "std": 0.31866811055277183,
    "min": 0.0,
    "max": 1.0
  },
  "alpha_ratio": {
    "mean": 0.2801254905192025,
    "std": 0.303078807778314,
    "min": 0.0,
    "max": 1.0
  },
  "special_ratio": {
    "mean": 0.08997225438832085,
    "std": 0.10240071806434844,
    "min": 0.0,
    "max": 0.3333333333333333
  },
  "whitespace_ratio": {
    "mean": 0.01790579729174627,
    "std": 0.043362214431415906,
    "min": 0.0,
    "max": 0.25
  },
  "has_hyphen": {
    "mean": 0.18507042253521128,
    "std": 0.3883546848408758,
    "min": 0.0,
    "max": 1.0
  },
  "has_plus": {
    "mean": 0.0,
    "std": 0.0,
    "min": 0.0,
    "max": 0.0
  },
  "has_at": {
    "mean": 0.03971830985915493,
    "std": 0.19529660959957465,
    "min": 0.0,
    "max": 1.0
  },
  "has_special_char": {
    "mean": 0.5335211267605634,
    "std": 0.4988750685900285,
    "min": 0.0,
    "max": 1.0
  },
  "has_punctuation": {
    "mean": 0.27098591549295775,
    "std": 0.44446883928729203,
    "min": 0.0,
    "max": 1.0
  },
  "is_all_digits": {
    "mean": 0.24929577464788732,
    "std": 0.4326053529379902,
    "min": 0.0,
    "max": 1.0
  },
  "is_mixed_case": {
    "mean": 0.13126760563380283,
    "std": 0.33769279137253266,
    "min": 0.0,
    "max": 1.0
  },
  "has_domain_suffix": {
    "mean": 0.03971830985915493,
    "std": 0.19529660959957465,
    "min": 0.0,
    "max": 1.0
  },
  "segment_count": {
    "mean": 1.964225352112676,
    "std": 1.8022252770440277,
    "min": 1.0,
    "max": 8.0
  },
  "embedding_mean": {
    "mean": -0.00016699348155118737,
    "std": 0.0001639489454918609,
    "min": -0.0006385338492691517,
    "max": 0.0003135375154670328
  },
  "embedding_std": {
    "mean": 0.036083633824133536,
    "std": 8.182203623065387e-07,
    "min": 0.036078743636608124,
    "max": 0.03608439490199089
  },
  "embedding_norm": {
    "mean": 0.9999999999160498,
    "std": 3.261603175081824e-08,
    "min": 0.9999998807907104,
    "max": 1.0000001192092896
  },
  "embedding_max": {
    "mean": 0.12011938503510515,
    "std": 0.012930678223453802,
    "min": 0.08826407045125961,
    "max": 0.19012555480003357
  },
  "is_financial": {
    "mean": 0.0,
    "std": 0.0,
    "min": 0.0,
    "max": 0.0
  },
  "is_credential": {
    "mean": 0.10056338028169014,
    "std": 0.30074970794334366,
    "min": 0.0,
    "max": 1.0
  },
  "is_contact_detail": {
    "mean": 0.21577464788732395,
    "std": 0.411358662503195,
    "min": 0.0,
    "max": 1.0
  },
  "is_location_related": {
    "mean": 0.13605633802816902,
    "std": 0.3428483788944077,
    "min": 0.0,
    "max": 1.0
  },
  "sentence_index": {
    "mean": 0.0,
    "std": 0.0,
    "min": 0.0,
    "max": 0.0
  },
  "sentence_position_ratio": {
    "mean": 0.4698533737171254,
    "std": 0.21111521275236575,
    "min": 0.0,
    "max": 0.8666666666666667
  },
  "token_position_ratio": {
    "mean": 0.6231958417169697,
    "std": 0.24789017479419584,
    "min": 0.0,
    "max": 1.0
  },
  "context_embedding_norm": {
    "mean": 0.999999998774327,
    "std": 2.846256607522121e-08,
    "min": 0.9999999403953552,
    "max": 1.0000001192092896
  },
  "span_context_similarity": {
    "mean": 0.28486755248408396,
    "std": 0.14117317152802847,
    "min": -0.03864167630672455,
    "max": 0.6917552351951599
  },
  "neighbor_span_count": {
    "mean": 0.14873239436619717,
    "std": 0.692712426517662,
    "min": 0.0,
    "max": 5.0
  },
  "neighbor_high_risk_count": {
    "mean": 0.0,
    "std": 0.0,
    "min": 0.0,
    "max": 0.0
  },
  "ctx_has_bank": {
    "mean": 0.04056338028169014,
    "std": 0.19727643666138525,
    "min": 0.0,
    "max": 1.0
  },
  "ctx_has_account": {
    "mean": 0.021971830985915493,
    "std": 0.14659150599213192,
    "min": 0.0,
    "max": 1.0
  },
  "ctx_has_password": {
    "mean": 0.0,
    "std": 0.0,
    "min": 0.0,
    "max": 0.0
  },
  "ctx_has_secret": {
    "mean": 0.044507042253521124,
    "std": 0.20621873203800786,
    "min": 0.0,
    "max": 1.0
  },
  "ctx_has_otp": {
    "mean": 0.0,
    "std": 0.0,
    "min": 0.0,
    "max": 0.0
  },
  "ctx_has_confidential": {
    "mean": 0.0,
    "std": 0.0,
    "min": 0.0,
    "max": 0.0
  },
  "ctx_has_credit": {
    "mean": 0.04084507042253521,
    "std": 0.19793117653546238,
    "min": 0.0,
    "max": 1.0
  },
  "ctx_has_address": {
    "mean": 0.06788732394366197,
    "std": 0.25155245017973465,
    "min": 0.0,
    "max": 1.0
  },
  "ctx_has_phone": {
    "mean": 0.04338028169014085,
    "std": 0.203711641421457,
    "min": 0.0,
    "max": 1.0
  },
  "ctx_has_email": {
    "mean": 0.03971830985915493,
    "std": 0.19529660959957465,
    "min": 0.0,
    "max": 1.0
  },
  "ctx_has_health": {
    "mean": 0.040281690140845074,
    "std": 0.19661911295762088,
    "min": 0.0,
    "max": 1.0
  },
  "ctx_has_employment": {
    "mean": 0.004225352112676056,
    "std": 0.06486523346292172,
    "min": 0.0,
    "max": 1.0
  },
  "ctx_has_biometric": {
    "mean": 0.0,
    "std": 0.0,
    "min": 0.0,
    "max": 0.0
  },